countryCode,countryES,countryEN,countryFR,countryPT,institutionName,descriptionES,descriptionEN,descriptionFR,descriptionPT,logo,website,region,active
AR,Argentina,Argentina,Argentine,Argentina,Consejo Interuniversitario Nacional (CIN),"El Consejo Interuniversitario Nacional reúne a las universidades nacionales y provinciales de Argentina para coordinar políticas, fortalecer la calidad de la educación superior y promover la cooperación académica e institucional.","The National Interuniversity Council brings together Argentina's national and provincial universities to coordinate policies, strengthen the quality of higher education, and promote academic and institutional cooperation.","Le Conseil interuniversitaire national réunit les universités nationales et provinciales d'Argentine afin de coordonner les politiques, de renforcer la qualité de l'enseignement supérieur et de promouvoir la coopération académique et institutionnelle.","O Conselho Interuniversitário Nacional reúne as universidades nacionais e provinciais da Argentina para coordenar políticas, fortalecer a qualidade do ensino superior e promover a cooperação acadêmica e institucional.",https://static.wixstatic.com/media/aa7998_fbae6310158a402e81af605d85e27a33~mv2.png,,South America,TRUE
AR,Argentina,Argentina,Argentine,Argentina,ReLARIES,"ReLARIES impulsa la cooperación, el intercambio de experiencias y el fortalecimiento de la internacionalización de las instituciones de educación superior de América Latina y el Caribe.","ReLARIES promotes cooperation, the exchange of experiences and the strengthening of internationalization among higher education institutions in Latin America and the Caribbean.","ReLARIES favorise la coopération, l'échange d'expériences et le renforcement de l'internationalisation des établissements d'enseignement supérieur d'Amérique latine et des Caraïbes.","A ReLARIES promove a cooperação, o intercâmbio de experiências e o fortalecimento da internacionalização das instituições de ensino superior da América Latina e do Caribe.",,,South America,TRUE
BO,Bolivia,Bolivia,Bolivie,Bolívia,Asociación Nacional de Universidades Privadas (ANUP),"La ANUP representa a las universidades privadas de Bolivia, promoviendo la calidad académica, la cooperación institucional y el fortalecimiento de la educación superior.","ANUP represents Bolivia's private universities, promoting academic quality, institutional cooperation and the strengthening of higher education.","L'ANUP représente les universités privées de Bolivie et promeut la qualité académique, la coopération institutionnelle et le renforcement de l'enseignement supérieur.","A ANUP representa as universidades privadas da Bolívia, promovendo a qualidade acadêmica, a cooperação institucional e o fortalecimento do ensino superior.",https://static.wixstatic.com/media/aa7998_b823eb6fd98f4c8a9e75fb528c32cfa4~mv2.png,,South America,TRUE
BO,Bolivia,Bolivia,Bolivie,Bolívia,Comité Ejecutivo de la Universidad Boliviana (CEUB),"El CEUB coordina el Sistema de la Universidad Boliviana, impulsando el desarrollo académico, la investigación y la cooperación entre las universidades públicas del país.","CEUB coordinates the Bolivian University System, fostering academic development, research and cooperation among the country's public universities.","Le CEUB coordonne le système universitaire bolivien en favorisant le développement académique, la recherche et la coopération entre les universités publiques du pays.","O CEUB coordena o Sistema da Universidade Boliviana, impulsionando o desenvolvimento acadêmico, a pesquisa e a cooperação entre as universidades públicas do país.",https://static.wixstatic.com/media/aa7998_bb58308d8b664906b4388074fbf6f9df~mv2.png,,South America,TRUE
BR,Brasil,Brazil,Brésil,Brasil,Conselho de Reitores das Universidades Brasileiras (CRUB),"El CRUB reúne a rectores de universidades brasileñas para fortalecer la educación superior mediante la cooperación, el intercambio de experiencias y el desarrollo institucional.","CRUB brings together rectors of Brazilian universities to strengthen higher education through cooperation, exchange of experiences and institutional development.","Le CRUB réunit les recteurs des universités brésiliennes afin de renforcer l'enseignement supérieur grâce à la coopération, à l'échange d'expériences et au développement institutionnel.","O CRUB reúne reitores de universidades brasileiras para fortalecer o ensino superior por meio da cooperação, do intercâmbio de experiências e do desenvolvimento institucional.",https://static.wixstatic.com/media/aa7998_5668621362f44e14b598555eb79a3ce5~mv2.png,,South America,TRUE
CA,Canadá,Canada,Canada,Canadá,Fédération des cégeps,"La Fédération des cégeps representa a los cégeps públicos de Quebec y trabaja para fortalecer la calidad educativa, la cooperación institucional y la internacionalización.","The Fédération des cégeps represents Quebec's public cégeps and works to strengthen educational quality, institutional cooperation and internationalization.","La Fédération des cégeps représente les cégeps publics du Québec et œuvre au renforcement de la qualité de l'enseignement, de la coopération institutionnelle et de l'internationalisation.","A Fédération des cégeps representa os cégeps públicos de Quebec e trabalha para fortalecer a qualidade educacional, a cooperação institucional e a internacionalização.",https://static.wixstatic.com/media/aa7998_9c10d52ec2454d969759c2e951f64ca8~mv2.png,,North America,TRUE
CA,Canadá,Canada,Canada,Canadá,Universities Canada,"Universities Canada representa a las universidades canadienses y promueve la excelencia académica, la investigación, la innovación y la cooperación internacional en educación superior.","Universities Canada represents Canadian universities and promotes academic excellence, research, innovation and international cooperation in higher education.","Universités Canada représente les universités canadiennes et promeut l'excellence académique, la recherche, l'innovation et la coopération internationale dans l'enseignement supérieur.","A Universities Canada representa as universidades canadenses e promove a excelência acadêmica, a pesquisa, a inovação e a cooperação internacional no ensino superior.",https://static.wixstatic.com/media/aa7998_e5644b1f9dca492c9f990e42cf4badc9~mv2.png,,North America,TRUE
CL,Chile,Chile,Chili,Chile,Consejo de Rectores de las Universidades Chilenas (CRUCH),"El CRUCH reúne a las principales universidades tradicionales de Chile y promueve la colaboración académica, la investigación y el fortalecimiento de la educación superior.","CRUCH brings together Chile's traditional universities and promotes academic collaboration, research and the strengthening of higher education.","Le CRUCH réunit les principales universités traditionnelles du Chili et promeut la collaboration académique, la recherche et le renforcement de l'enseignement supérieur.","O CRUCH reúne as principais universidades tradicionais do Chile e promove a colaboração acadêmica, a pesquisa e o fortalecimento do ensino superior.",https://static.wixstatic.com/media/aa7998_6b204d3d7f614d1b88fd170c8a994e4c~mv2.png,,South America,TRUE
CL,Chile,Chile,Chili,Chile,Consorcio de Universidades del Estado de Chile (CUECH),"El CUECH agrupa a las universidades estatales chilenas con el propósito de fortalecer la educación pública, la investigación y el desarrollo social y territorial del país.","CUECH brings together Chile's state universities to strengthen public higher education, research and the country's social and territorial development.","Le CUECH regroupe les universités publiques chiliennes afin de renforcer l'enseignement public, la recherche et le développement social et territorial du pays.","O CUECH reúne as universidades estatais chilenas com o objetivo de fortalecer a educação pública, a pesquisa e o desenvolvimento social e territorial do país.",https://static.wixstatic.com/media/aa7998_b47abee04a5d417a838ddf7be82aa0e0~mv2.png,,South America,TRUE
CL,Chile,Chile,Chili,Chile,Corporación de Universidades Privadas (CUP),"La CUP representa a universidades privadas chilenas comprometidas con la calidad académica, la innovación y el desarrollo de la educación superior.","CUP represents Chilean private universities committed to academic quality, innovation and the development of higher education.","La CUP représente les universités privées chiliennes engagées envers la qualité académique, l'innovation et le développement de l'enseignement supérieur.","A CUP representa universidades privadas chilenas comprometidas com a qualidade acadêmica, a inovação e o desenvolvimento do ensino superior.",https://static.wixstatic.com/media/aa7998_eccb55d84ca24e89b2a01393c9f38144~mv2.png,,South America,TRUE
CO,Colombia,Colombia,Colombie,Colômbia,Asociación Colombiana de Universidades (ASCUN),"ASCUN reúne a las instituciones de educación superior de Colombia para promover la calidad, la autonomía universitaria, la cooperación académica y la internacionalización.","ASCUN brings together Colombia's higher education institutions to promote quality, university autonomy, academic cooperation and internationalization.","L'ASCUN réunit les établissements d'enseignement supérieur de Colombie afin de promouvoir la qualité, l'autonomie universitaire, la coopération académique et l'internationalisation.","A ASCUN reúne as instituições de ensino superior da Colômbia para promover a qualidade, a autonomia universitária, a cooperação acadêmica e a internacionalização.",https://static.wixstatic.com/media/aa7998_7bcb6b04ce134c43b5efb161a27418e4~mv2.png,,South America,TRUE
CO,Colombia,Colombia,Colombie,Colômbia,Colombia Challenge Your Knowledge (CCYK),"Colombia Challenge Your Knowledge promueve a Colombia como destino académico internacional, fortaleciendo la cooperación, la movilidad y la visibilidad de su sistema de educación superior.","Colombia Challenge Your Knowledge promotes Colombia as an international study destination, strengthening cooperation, mobility and the visibility of its higher education system.","Colombia Challenge Your Knowledge promeut la Colombie comme destination académique internationale en renforçant la coopération, la mobilité et la visibilité de son système d'enseignement supérieur.","O Colombia Challenge Your Knowledge promove a Colômbia como destino acadêmico internacional, fortalecendo a cooperação, a mobilidade e a visibilidade do seu sistema de ensino superior.",https://static.wixstatic.com/media/aa7998_6c738dcc0daa49a09c7a55e33866e179~mv2.png,,South America,TRUE
CO,Colombia,Colombia,Colombie,Colômbia,Red Colombiana para la Internacionalización de la Educación Superior (RCI),"La RCI fortalece los procesos de internacionalización de las instituciones de educación superior colombianas mediante el intercambio de experiencias, la cooperación y el desarrollo de proyectos conjuntos.","RCI strengthens the internationalization of Colombian higher education institutions through the exchange of experiences, cooperation and joint projects.","La RCI renforce l'internationalisation des établissements d'enseignement supérieur colombiens grâce à l'échange d'expériences, à la coopération et au développement de projets communs.","A RCI fortalece a internacionalização das instituições colombianas de ensino superior por meio do intercâmbio de experiências, da cooperação e do desenvolvimento de projetos conjuntos.",https://static.wixstatic.com/media/aa7998_8abdd2ce8bee4d9faffacbd77321f4a1~mv2.png,,South America,TRUE
CR,Costa Rica,Costa Rica,Costa Rica,Costa Rica,Consejo Nacional de Rectores (CONARE),"El CONARE coordina el trabajo conjunto de las universidades públicas de Costa Rica, impulsando la excelencia académica, la investigación y la cooperación nacional e internacional.","CONARE coordinates Costa Rica's public universities, promoting academic excellence, research and national and international cooperation.","Le CONARE coordonne le travail des universités publiques du Costa Rica en favorisant l'excellence académique, la recherche et la coopération nationale et internationale.","O CONARE coordena o trabalho conjunto das universidades públicas da Costa Rica, promovendo a excelência acadêmica, a pesquisa e a cooperação nacional e internacional.",https://static.wixstatic.com/media/aa7998_336fd84670c54c1e8697a0bc8900e0cf~mv2.png,,Central America,TRUE
EC,Ecuador,Ecuador,Équateur,Equador,Red Ecuatoriana para la Internacionalización de la Educación Superior (REIES),"REIES promueve la cooperación entre instituciones ecuatorianas de educación superior, fortaleciendo la internacionalización, la movilidad académica y la colaboración internacional.","REIES promotes cooperation among Ecuadorian higher education institutions, strengthening internationalization, academic mobility and international collaboration.","REIES favorise la coopération entre les établissements d'enseignement supérieur équatoriens en renforçant l'internationalisation, la mobilité académique et la collaboration internationale.","A REIES promove a cooperação entre instituições equatorianas de ensino superior, fortalecendo a internacionalização, a mobilidade acadêmica e a colaboração internacional.",https://static.wixstatic.com/media/aa7998_b9dba9fced844116abd2e2eac5784872~mv2.png,,South America,TRUE
US,Estados Unidos,United States,États-Unis,Estados Unidos,American Association of State Colleges and Universities (AASCU),"La AASCU representa a universidades públicas de Estados Unidos comprometidas con la excelencia académica, el acceso a la educación superior y el desarrollo de sus comunidades.","AASCU represents U.S. public universities committed to academic excellence, access to higher education and community development.","L'AASCU représente les universités publiques des États-Unis engagées envers l'excellence académique, l'accès à l'enseignement supérieur et le développement des communautés.","A AASCU representa universidades públicas dos Estados Unidos comprometidas com a excelência acadêmica, o acesso ao ensino superior e o desenvolvimento de suas comunidades.",https://static.wixstatic.com/media/aa7998_e56d05ef8a234e5ba2bcb48675ccca04~mv2.png,,North America,TRUE
US,Estados Unidos,United States,États-Unis,Estados Unidos,Association of International Education Administrators (AIEA),"La AIEA reúne a líderes de educación superior responsables de la internacionalización institucional, promoviendo el desarrollo profesional, el intercambio de buenas prácticas y la cooperación internacional.","AIEA brings together higher education leaders responsible for institutional internationalization, promoting professional development, the exchange of best practices and international cooperation.","L'AIEA réunit les responsables de l'internationalisation des établissements d'enseignement supérieur afin de promouvoir le développement professionnel, l'échange de bonnes pratiques et la coopération internationale.","A AIEA reúne líderes do ensino superior responsáveis pela internacionalização institucional, promovendo o desenvolvimento profissional, o intercâmbio de boas práticas e a cooperação internacional.",https://static.wixstatic.com/media/aa7998_3109a6b86b1046e692e7f6f9f6777e48~mv2.png,,North America,TRUE
US,Estados Unidos,United States,États-Unis,Estados Unidos,Community Colleges for International Development (CCID),"CCID es una red internacional de community colleges e instituciones técnicas dedicada a fortalecer la educación global, la movilidad académica y las alianzas internacionales.","CCID is an international network of community colleges and technical institutions dedicated to strengthening global education, academic mobility and international partnerships.","Le CCID est un réseau international de community colleges et d'établissements techniques consacré au renforcement de l'éducation mondiale, de la mobilité académique et des partenariats internationaux.","O CCID é uma rede internacional de community colleges e instituições técnicas dedicada ao fortalecimento da educação global, da mobilidade acadêmica e das parcerias internacionais.",https://static.wixstatic.com/media/aa7998_7c2fe6d3687a40138ff9d1cf771a047e~mv2.png,,North America,TRUE
US,Estados Unidos,United States,États-Unis,Estados Unidos,Institute of International Education (IIE),"El IIE es una organización internacional sin fines de lucro que impulsa la cooperación académica, la movilidad internacional, el desarrollo del liderazgo y el intercambio educativo a nivel mundial.","IIE is a nonprofit international organization that advances academic cooperation, international mobility, leadership development and global educational exchange.","L'IIE est une organisation internationale à but non lucratif qui favorise la coopération académique, la mobilité internationale, le développement du leadership et les échanges éducatifs à l'échelle mondiale.","O IIE é uma organização internacional sem fins lucrativos que promove a cooperação acadêmica, a mobilidade internacional, o desenvolvimento da liderança e o intercâmbio educacional em nível mundial.",https://static.wixstatic.com/media/aa7998_61615a9b32e94bf083bbfe61bd5e6231~mv2.png,,North America,TRUE
US,Estados Unidos,United States,États-Unis,Estados Unidos,The Forum on Education Abroad,"Organización reconocida por establecer estándares de calidad y buenas prácticas para los programas de educación en el extranjero, promoviendo experiencias internacionales seguras y de alto impacto.","Recognized organization that establishes quality standards and best practices for education abroad programs, promoting safe and high-impact international experiences.","Organisation reconnue pour établir des normes de qualité et de bonnes pratiques pour les programmes d'études à l'étranger, favorisant des expériences internationales sûres et à fort impact.","Organização reconhecida por estabelecer padrões de qualidade e boas práticas para programas de educação no exterior, promovendo experiências internacionais seguras e de alto impacto.",https://static.wixstatic.com/media/aa7998_3d7302fa745b43e485d25f3475c0adeb~mv2.png,,North America,TRUE
GT,Guatemala,Guatemala,Guatemala,Guatemala,Consejo Superior Universitario Centroamericano (CSUCA),"El CSUCA integra a las universidades públicas de Centroamérica, promoviendo la cooperación regional, la investigación, la innovación y el fortalecimiento de la educación superior.","CSUCA brings together Central America's public universities, promoting regional cooperation, research, innovation and stronger higher education.","Le CSUCA regroupe les universités publiques d'Amérique centrale afin de promouvoir la coopération régionale, la recherche, l'innovation et le renforcement de l'enseignement supérieur.","O CSUCA integra as universidades públicas da América Central, promovendo a cooperação regional, a pesquisa, a inovação e o fortalecimento do ensino superior.",https://static.wixstatic.com/media/aa7998_ab2e57487f7442bf92bc2164f5a3e25a~mv2.png,,Central America,TRUE
INT,Internacional,International,International,Internacional,Agence Universitaire de la Francophonie (AUF),"La AUF es una red internacional que reúne instituciones de educación superior e investigación de habla francesa, impulsando la cooperación académica, la innovación y el desarrollo sostenible.","AUF is an international network of French-speaking higher education and research institutions that promotes academic cooperation, innovation and sustainable development.","L'AUF est un réseau international d'établissements d'enseignement supérieur et de recherche francophones qui favorise la coopération académique, l'innovation et le développement durable.","A AUF é uma rede internacional de instituições francófonas de ensino superior e pesquisa que promove a cooperação acadêmica, a inovação e o desenvolvimento sustentável.",https://static.wixstatic.com/media/aa7998_79c9810324de4ee0b3bfc7c0da8e92d9~mv2.png,,International,TRUE
INT,Internacional,International,International,Internacional,Consortium for North American Higher Education Collaboration (CONAHEC),"CONAHEC fortalece la colaboración entre instituciones de educación superior de América del Norte y otras regiones mediante programas de movilidad, investigación y alianzas estratégicas.","CONAHEC strengthens collaboration among higher education institutions in North America and other regions through mobility programs, research and strategic partnerships.","Le CONAHEC renforce la collaboration entre les établissements d'enseignement supérieur d'Amérique du Nord et d'autres régions grâce à des programmes de mobilité, de recherche et à des partenariats stratégiques.","O CONAHEC fortalece a colaboração entre instituições de ensino superior da América do Norte e de outras regiões por meio de programas de mobilidade, pesquisa e parcerias estratégicas.",https://static.wixstatic.com/media/aa7998_106b9a1437b948f99336729729a7e6c1~mv2.png,,International,TRUE
JM,Jamaica,Jamaica,Jamaïque,Jamaica,Universities Caribbean,"Universities Caribbean es una red regional que impulsa la cooperación entre instituciones de educación superior del Caribe, promoviendo la calidad académica, la investigación y la internacionalización.","Universities Caribbean is a regional network that promotes cooperation among Caribbean higher education institutions, fostering academic quality, research and internationalization.","Universities Caribbean est un réseau régional qui favorise la coopération entre les établissements d'enseignement supérieur des Caraïbes, la qualité académique, la recherche et l'internationalisation.","A Universities Caribbean é uma rede regional que promove a cooperação entre instituições de ensino superior do Caribe, incentivando a qualidade acadêmica, a pesquisa e a internacionalização.",https://static.wixstatic.com/media/aa7998_133f87c6406d45d68884a9f59e599d3b~mv2.png,,Caribbean,TRUE
MX,México,Mexico,Mexique,México,Asociación Mexicana para la Educación Internacional (AMPEI),"AMPEI promueve la internacionalización de la educación superior en México mediante el desarrollo profesional, la cooperación institucional y el intercambio de buenas prácticas entre sus miembros.","AMPEI promotes the internationalization of higher education in Mexico through professional development, institutional cooperation and the exchange of best practices among its members.","L'AMPEI promeut l'internationalisation de l'enseignement supérieur au Mexique grâce au développement professionnel, à la coopération institutionnelle et à l'échange de bonnes pratiques entre ses membres.","A AMPEI promove a internacionalização do ensino superior no México por meio do desenvolvimento profissional, da cooperação institucional e do intercâmbio de boas práticas entre seus membros.",https://static.wixstatic.com/media/aa7998_650292026e45477793360cdc8d9f3c7f~mv2.png,,North America,TRUE
MX,México,Mexico,Mexique,México,Asociación Nacional de Universidades e Instituciones de Educación Superior (ANUIES),"La ANUIES reúne a las principales instituciones de educación superior de México para fortalecer la calidad académica, la investigación, la innovación y la cooperación nacional e internacional.","ANUIES brings together Mexico's leading higher education institutions to strengthen academic quality, research, innovation and national and international cooperation.","L'ANUIES réunit les principaux établissements d'enseignement supérieur du Mexique afin de renforcer la qualité académique, la recherche, l'innovation et la coopération nationale et internationale.","A ANUIES reúne as principais instituições de ensino superior do México para fortalecer a qualidade acadêmica, a pesquisa, a inovação e a cooperação nacional e internacional.",https://static.wixstatic.com/media/aa7998_b84d8eecfde74210adc1cca515c6d1a5~mv2.png,,North America,TRUE
MX,México,Mexico,Mexique,México,Asociación Nacional de Universidades Tecnológicas (ANUT),"La ANUT agrupa a las universidades tecnológicas de México, promoviendo la formación profesional, la innovación educativa y la vinculación con los sectores productivos y sociales.","ANUT brings together Mexico's technological universities, promoting professional training, educational innovation and collaboration with productive and social sectors.","L'ANUT regroupe les universités technologiques du Mexique et promeut la formation professionnelle, l'innovation pédagogique et la collaboration avec les secteurs productifs et sociaux.","A ANUT reúne as universidades tecnológicas do México, promovendo a formação profissional, a inovação educacional e a integração com os setores produtivos e sociais.",https://static.wixstatic.com/media/aa7998_2be45b8340fa402689e29dc86baae74e~mv2.png,,North America,TRUE
MX,México,Mexico,Mexique,México,Federación de Instituciones Mexicanas Particulares de Educación Superior (FIMPES),"FIMPES reúne a instituciones privadas de educación superior en México comprometidas con la excelencia académica, la mejora continua y el fortalecimiento de la calidad educativa.","FIMPES brings together private higher education institutions in Mexico committed to academic excellence, continuous improvement and educational quality.","La FIMPES regroupe les établissements privés d'enseignement supérieur du Mexique engagés envers l'excellence académique, l'amélioration continue et la qualité de l'enseignement.","A FIMPES reúne instituições privadas de ensino superior do México comprometidas com a excelência acadêmica, a melhoria contínua e a qualidade da educação.",https://static.wixstatic.com/media/aa7998_ee7df58d2cf44b31949f1f8077e10db8~mv2.png,,North America,TRUE
PA,Panamá,Panama,Panama,Panamá,Asociación de Universidades Particulares de Panamá (AUPPA),"La AUPPA representa a las universidades particulares de Panamá, promoviendo la cooperación entre sus miembros y contribuyendo al fortalecimiento de la educación superior del país.","AUPPA represents Panama's private universities, promoting cooperation among its members and contributing to the strengthening of higher education.",L'AUPPA représente les universités privées du Panama et favorise la coopération entre ses membres ainsi que le renforcement de l'enseignement supérieur.,"A AUPPA representa as universidades particulares do Panamá, promovendo a cooperação entre seus membros e contribuindo para o fortalecimento do ensino superior.",https://static.wixstatic.com/media/aa7998_a65453074dd443468772e3e558f564e4~mv2.png,,Central America,TRUE
PA,Panamá,Panama,Panama,Panamá,Consejo de Rectores de Panamá (CRP),"El Consejo de Rectores de Panamá reúne a las instituciones de educación superior del país para fomentar la colaboración, la calidad académica y el desarrollo del sistema universitario panameño.","The Council of Rectors of Panama brings together the country's higher education institutions to promote collaboration, academic quality and the development of Panama's university system.","Le Conseil des recteurs du Panama réunit les établissements d'enseignement supérieur du pays afin de promouvoir la collaboration, la qualité académique et le développement du système universitaire panaméen.","O Conselho de Reitores do Panamá reúne as instituições de ensino superior do país para promover a colaboração, a qualidade acadêmica e o desenvolvimento do sistema universitário panamenho.",https://static.wixstatic.com/media/aa7998_427a70b854e0484ab94425693d722f01~mv2.png,,Central America,TRUE
PY,Paraguay,Paraguay,Paraguay,Paraguai,Asociación de Universidades Privadas del Paraguay (APUP),"La APUP representa a las universidades privadas de Paraguay, impulsando la cooperación institucional, la calidad educativa y el fortalecimiento de la educación superior.","APUP represents Paraguay's private universities, promoting institutional cooperation, educational quality and the strengthening of higher education.","L'APUP représente les universités privées du Paraguay et favorise la coopération institutionnelle, la qualité de l'enseignement et le renforcement de l'enseignement supérieur.","A APUP representa as universidades privadas do Paraguai, promovendo a cooperação institucional, a qualidade educacional e o fortalecimento do ensino superior.",https://static.wixstatic.com/media/aa7998_4c4f09f5e47247629a62336bf90dbf80~mv2.png,,South America,TRUE
PE,Perú,Peru,Pérou,Peru,Asociación de Universidades del Perú (ASUP),"La ASUP promueve la colaboración entre universidades peruanas, fortaleciendo la calidad académica, la investigación, la innovación y la internacionalización de la educación superior.","ASUP promotes collaboration among Peruvian universities, strengthening academic quality, research, innovation and the internationalization of higher education.","L'ASUP favorise la collaboration entre les universités péruviennes en renforçant la qualité académique, la recherche, l'innovation et l'internationalisation de l'enseignement supérieur.","A ASUP promove a colaboração entre universidades peruanas, fortalecendo a qualidade acadêmica, a pesquisa, a inovação e a internacionalização do ensino superior.",https://static.wixstatic.com/media/aa7998_191bce22626246b2b1c42c41b9b11b79~mv2.png,,South America,TRUE
PE,Perú,Peru,Pérou,Peru,Consejo Latinoamericano de Escuelas de Administración (CLADEA),"CLADEA es una red internacional de escuelas de negocios e instituciones de educación superior que impulsa la excelencia académica, la investigación y la cooperación en administración y gestión.","CLADEA is an international network of business schools and higher education institutions that promotes academic excellence, research and cooperation in management and administration.","CLADEA est un réseau international d'écoles de commerce et d'établissements d'enseignement supérieur qui favorise l'excellence académique, la recherche et la coopération en gestion et administration.","A CLADEA é uma rede internacional de escolas de negócios e instituições de ensino superior que promove a excelência acadêmica, a pesquisa e a cooperação em administração e gestão.",https://static.wixstatic.com/media/aa7998_1f08471555bb4c9a80c51348c57f4fd8~mv2.png,,South America,TRUE
PE,Perú,Peru,Pérou,Peru,Red Peruana para la Internacionalización de la Educación Superior (REDIPERÚ),"REDIPERÚ fortalece la internacionalización de las instituciones de educación superior peruanas mediante el intercambio de experiencias, la cooperación académica y el desarrollo de iniciativas conjuntas.","REDIPERÚ strengthens the internationalization of Peruvian higher education institutions through the exchange of experiences, academic cooperation and joint initiatives.","REDIPERÚ renforce l'internationalisation des établissements d'enseignement supérieur péruviens grâce à l'échange d'expériences, à la coopération académique et au développement d'initiatives communes.","A REDIPERÚ fortalece a internacionalização das instituições peruanas de ensino superior por meio do intercâmbio de experiências, da cooperação acadêmica e do desenvolvimento de iniciativas conjuntas.",https://static.wixstatic.com/media/aa7998_a08b944e86014917b3646036ec5bbbf8~mv2.png,,South America,TRUE
PR,Puerto Rico,Puerto Rico,Porto Rico,Porto Rico,Asociación de Colegios y Universidades Privadas de Puerto Rico (ACUP),"La ACUP representa a las instituciones privadas de educación superior de Puerto Rico, promoviendo la calidad educativa, la cooperación institucional y el desarrollo del sector universitario.","ACUP represents Puerto Rico's private higher education institutions, promoting educational quality, institutional cooperation and the development of the university sector.","L'ACUP représente les établissements privés d'enseignement supérieur de Porto Rico et favorise la qualité de l'enseignement, la coopération institutionnelle et le développement du secteur universitaire.","A ACUP representa as instituições privadas de ensino superior de Porto Rico, promovendo a qualidade educacional, a cooperação institucional e o desenvolvimento do setor universitário.",https://static.wixstatic.com/media/aa7998_c770f678db94442881013e23070ffb3e~mv2.png,,Caribbean,TRUE
PR,Puerto Rico,Puerto Rico,Porto Rico,Porto Rico,CAMPUS Puerto Rico,"CAMPUS Puerto Rico promueve a Puerto Rico como destino académico internacional, fortaleciendo la colaboración entre instituciones de educación superior y fomentando oportunidades de intercambio, investigación y cooperación internacional.","CAMPUS Puerto Rico promotes Puerto Rico as an international study destination, strengthening collaboration among higher education institutions and fostering opportunities for exchange, research and international cooperation.","CAMPUS Puerto Rico promeut Porto Rico comme destination académique internationale en renforçant la collaboration entre les établissements d'enseignement supérieur et en favorisant les possibilités d'échanges, de recherche et de coopération internationale.","O CAMPUS Puerto Rico promove Porto Rico como destino acadêmico internacional, fortalecendo a colaboração entre instituições de ensino superior e promovendo oportunidades de intercâmbio, pesquisa e cooperação internacional.",https://static.wixstatic.com/media/aa7998_149779a8e3d24bbf87e7584aa9f7ffac~mv2.png,,Caribbean,TRUE
DO,República Dominicana,Dominican Republic,République dominicaine,República Dominicana,Asociación Dominicana de Rectores de Universidades (ADRU),"La Asociación Dominicana de Rectores de Universidades reúne a las principales instituciones de educación superior de la República Dominicana para promover la excelencia académica, fortalecer la cooperación interinstitucional e impulsar la internacionalización del sistema universitario.","ADRU brings together the leading higher education institutions of the Dominican Republic to promote academic excellence, strengthen interinstitutional cooperation and advance the internationalization of the university system.","L'ADRU réunit les principaux établissements d'enseignement supérieur de la République dominicaine afin de promouvoir l'excellence académique, de renforcer la coopération interinstitutionnelle et de favoriser l'internationalisation du système universitaire.","A ADRU reúne as principais instituições de ensino superior da República Dominicana para promover a excelência acadêmica, fortalecer a cooperação interinstitucional e impulsionar a internacionalização do sistema universitário.",https://static.wixstatic.com/media/aa7998_a175f4ab667e487995f471d97711bbc7~mv2.png,,Caribbean,TRUE
CA,Canadá,Canada,Canada,Canadá,Bureau de coopération interuniversitaire,"El Bureau de coopération interuniversitaire (BCI) reúne a establecimientos universitarios de Quebec y fomenta la cooperación, la colaboración académica y el desarrollo de iniciativas conjuntas en educación superior.","The Bureau de coopération interuniversitaire (BCI) brings together Quebec university institutions and promotes cooperation, academic collaboration and the development of joint initiatives in higher education.","Le Bureau de coopération interuniversitaire (BCI) regroupe des établissements universitaires québécois et favorise la coopération, la collaboration académique et le développement d’initiatives conjointes en enseignement supérieur.","O Bureau de coopération interuniversitaire (BCI) reúne instituições universitárias do Quebec e promove a cooperação, a colaboração acadêmica e o desenvolvimento de iniciativas conjuntas no ensino superior.",,,North America,TRUE
US,Estados Unidos,United States,États-Unis,Estados Unidos,American Council on Education (ACE),El American Council on Education (ACE) es una organización de educación superior de Estados Unidos que representa a instituciones y líderes del sector y promueve políticas e iniciativas para fortalecer la educación superior.,The American Council on Education (ACE) is a U.S. higher education organization representing institutions and sector leaders and advancing policies and initiatives to strengthen higher education.,L’American Council on Education (ACE) est une organisation américaine d’enseignement supérieur qui représente des établissements et des dirigeants du secteur et fait progresser des politiques et des initiatives visant à renforcer l’enseignement supérieur.,O American Council on Education (ACE) é uma organização de ensino superior dos Estados Unidos que representa instituições e líderes do setor e promove políticas e iniciativas para fortalecer o ensino superior.,,,North America,TRUE
US,Estados Unidos,United States,États-Unis,Estados Unidos,Association of American Universities (AAU),"La Association of American Universities (AAU) reúne a destacadas universidades de investigación y promueve la investigación, la innovación y la educación superior.","The Association of American Universities (AAU) brings together leading research universities and advances research, innovation and higher education.","L’Association of American Universities (AAU) regroupe de grandes universités de recherche et favorise la recherche, l’innovation et l’enseignement supérieur.","A Association of American Universities (AAU) reúne importantes universidades de pesquisa e promove a pesquisa, a inovação e o ensino superior.",,,North America,TRUE
US,Estados Unidos,United States,États-Unis,Estados Unidos,Texas International Education Consortium (TIEC),El Texas International Education Consortium (TIEC) promueve la cooperación internacional y conecta instituciones de educación superior de Texas con socios académicos de todo el mundo.,The Texas International Education Consortium (TIEC) promotes international cooperation and connects Texas higher education institutions with academic partners around the world.,Le Texas International Education Consortium (TIEC) favorise la coopération internationale et met en relation les établissements d’enseignement supérieur du Texas avec des partenaires universitaires du monde entier.,O Texas International Education Consortium (TIEC) promove a cooperação internacional e conecta instituições de ensino superior do Texas a parceiros acadêmicos de todo o mundo.,,,North America,TRUE
US,Estados Unidos,United States,États-Unis,Estados Unidos,The Inter-American Distance Education Consortium (CREAD),El Consorcio Interamericano de Educación a Distancia (CREAD) promueve la cooperación y el intercambio de conocimientos relacionados con la educación a distancia y el aprendizaje mediado por tecnologías en las Américas.,The Inter-American Distance Education Consortium (CREAD) promotes cooperation and knowledge exchange related to distance education and technology-mediated learning across the Americas.,Le Consortium interaméricain d’éducation à distance (CREAD) favorise la coopération et l’échange de connaissances dans les domaines de l’enseignement à distance et de l’apprentissage médiatisé par les technologies dans les Amériques.,O Consórcio Interamericano de Educação a Distância (CREAD) promove a cooperação e o intercâmbio de conhecimentos relacionados à educação a distância e à aprendizagem mediada por tecnologias nas Américas.,,,North America,TRUE
US,Estados Unidos,United States,États-Unis,Estados Unidos,LASPAU Academic and Professional Programs for the Americas,LASPAU impulsa el desarrollo del talento y el fortalecimiento institucional mediante programas y alianzas educativas con impacto en las Américas.,LASPAU advances talent development and institutional capacity through educational programs and partnerships with impact across the Americas.,LASPAU favorise le développement des talents et le renforcement institutionnel grâce à des programmes et des partenariats éducatifs ayant un impact dans les Amériques.,A LASPAU promove o desenvolvimento de talentos e o fortalecimento institucional por meio de programas e parcerias educacionais com impacto nas Américas.,,,North America,TRUE
US,Estados Unidos,United States,États-Unis,Estados Unidos,Western Interstate Commission for Higher Education (WICHE),"La Western Interstate Commission for Higher Education (WICHE) promueve la colaboración entre estados e instituciones para ampliar el acceso, mejorar la calidad y fortalecer la educación superior en el oeste de Estados Unidos.","The Western Interstate Commission for Higher Education (WICHE) promotes collaboration among states and institutions to expand access, improve quality and strengthen higher education in the western United States.","La Western Interstate Commission for Higher Education (WICHE) favorise la collaboration entre les États et les établissements afin d’élargir l’accès, d’améliorer la qualité et de renforcer l’enseignement supérieur dans l’ouest des États-Unis.","A Western Interstate Commission for Higher Education (WICHE) promove a colaboração entre estados e instituições para ampliar o acesso, melhorar a qualidade e fortalecer o ensino superior no oeste dos Estados Unidos.",,,North America,TRUE
MX,México,Mexico,Mexique,México,Alianza para la Educación Superior (ALPES),"La Alianza para la Educación Superior (ALPES) promueve la colaboración entre instituciones de educación superior en México, impulsando iniciativas orientadas al fortalecimiento académico, la cooperación y el desarrollo del sector educativo.","The Alliance for Higher Education (ALPES) promotes collaboration among higher education institutions in Mexico, supporting initiatives aimed at academic strengthening, cooperation and the development of the education sector.","L’Alliance pour l’enseignement supérieur (ALPES) favorise la collaboration entre les établissements d’enseignement supérieur au Mexique et soutient des initiatives visant le renforcement académique, la coopération et le développement du secteur éducatif.","A Aliança para a Educação Superior (ALPES) promove a colaboração entre instituições de ensino superior no México, apoiando iniciativas voltadas ao fortalecimento acadêmico, à cooperação e ao desenvolvimento do setor educacional.",,,North America,TRUE
MX,México,Mexico,Mexique,México,"Comisión Estatal para la Planeación de la Educación Superior A.C., de Guanajuato (COEPES)",La Comisión Estatal para la Planeación de la Educación Superior de Guanajuato (COEPES) fomenta la coordinación y colaboración entre instituciones para contribuir a la planeación y fortalecimiento de la educación superior en el estado de Guanajuato.,The State Commission for Higher Education Planning of Guanajuato (COEPES) promotes coordination and collaboration among institutions to contribute to the planning and strengthening of higher education in the state of Guanajuato.,La Commission d’État pour la planification de l’enseignement supérieur de Guanajuato (COEPES) favorise la coordination et la collaboration entre les établissements afin de contribuer à la planification et au renforcement de l’enseignement supérieur dans l’État de Guanajuato.,A Comissão Estadual para o Planejamento da Educação Superior de Guanajuato (COEPES) promove a coordenação e a colaboração entre instituições para contribuir com o planejamento e o fortalecimento do ensino superior no estado de Guanajuato.,,,North America,TRUE
MX,México,Mexico,Mexique,México,Consorcio de Universidades Mexicanas A.C. (CUMex),"El Consorcio de Universidades Mexicanas (CUMex) reúne instituciones de educación superior mexicanas y promueve la colaboración académica, la calidad, la movilidad y el desarrollo de proyectos conjuntos.","The Consortium of Mexican Universities (CUMex) brings together Mexican higher education institutions and promotes academic collaboration, quality, mobility and the development of joint projects.","Le Consortium des universités mexicaines (CUMex) regroupe des établissements mexicains d’enseignement supérieur et favorise la collaboration académique, la qualité, la mobilité et le développement de projets communs.","O Consórcio de Universidades Mexicanas (CUMex) reúne instituições mexicanas de ensino superior e promove a colaboração acadêmica, a qualidade, a mobilidade e o desenvolvimento de projetos conjuntos.",,,North America,TRUE
CR,Costa Rica,Costa Rica,Costa Rica,Costa Rica,globalEdu,"globalEdu forma parte del ecosistema de educación superior de Costa Rica y participa en iniciativas de colaboración, innovación e internacionalización vinculadas al desarrollo educativo.","globalEdu is part of Costa Rica’s higher education ecosystem and participates in collaboration, innovation and internationalization initiatives related to educational development.","globalEdu fait partie de l’écosystème de l’enseignement supérieur du Costa Rica et participe à des initiatives de collaboration, d’innovation et d’internationalisation liées au développement de l’éducation.","A globalEdu faz parte do ecossistema de ensino superior da Costa Rica e participa de iniciativas de colaboração, inovação e internacionalização relacionadas ao desenvolvimento educacional.",,,Central America,TRUE
CR,Costa Rica,Costa Rica,Costa Rica,Costa Rica,Asociación Unidad de Rectores de las Universidades Privadas de Costa Rica (UNIRE),"La Asociación Unidad de Rectores de las Universidades Privadas de Costa Rica (UNIRE) reúne a universidades privadas del país y promueve la cooperación, la calidad y el fortalecimiento de la educación superior privada costarricense.","The Association of Rectors of Private Universities of Costa Rica (UNIRE) brings together private universities in the country and promotes cooperation, quality and the strengthening of Costa Rican private higher education.","L’Association des recteurs des universités privées du Costa Rica (UNIRE) regroupe des universités privées du pays et favorise la coopération, la qualité et le renforcement de l’enseignement supérieur privé costaricien.","A Associação de Reitores das Universidades Privadas da Costa Rica (UNIRE) reúne universidades privadas do país e promove a cooperação, a qualidade e o fortalecimento do ensino superior privado costarriquenho.",,,Central America,TRUE
VE,Venezuela,Venezuela,Venezuela,Venezuela,Asociación Latinoamericana de Escuelas de Urbanismo y Planeación,"La Asociación Latinoamericana de Escuelas de Urbanismo y Planeación promueve la cooperación académica, el intercambio de conocimientos y el fortalecimiento de la formación y la investigación en urbanismo y planificación en América Latina.","The Latin American Association of Schools of Urbanism and Planning promotes academic cooperation, knowledge exchange, and the strengthening of education and research in urbanism and planning in Latin America.","L’Association latino-américaine des écoles d’urbanisme et de planification favorise la coopération académique, l’échange de connaissances et le renforcement de la formation et de la recherche en urbanisme et planification en Amérique latine.","A Associação Latino-Americana de Escolas de Urbanismo e Planejamento promove a cooperação acadêmica, o intercâmbio de conhecimentos e o fortalecimento da formação e da pesquisa em urbanismo e planejamento na América Latina.",,,South America,TRUE
VE,Venezuela,Venezuela,Venezuela,Venezuela,Asociación Venezolana de Rectores Universitarios,La Asociación Venezolana de Rectores Universitarios reúne a autoridades universitarias venezolanas y promueve la cooperación institucional y el fortalecimiento de la educación superior en el país.,The Venezuelan Association of University Rectors brings together Venezuelan university authorities and promotes institutional cooperation and the strengthening of higher education in the country.,L’Association vénézuélienne des recteurs d’université réunit des responsables universitaires vénézuéliens et favorise la coopération institutionnelle ainsi que le renforcement de l’enseignement supérieur dans le pays.,A Associação Venezuelana de Reitores Universitários reúne autoridades universitárias venezuelanas e promove a cooperação institucional e o fortalecimento do ensino superior no país.,,,South America,TRUE
VE,Venezuela,Venezuela,Venezuela,Venezuela,Consejo Nacional de Universidades,"El Consejo Nacional de Universidades participa en la coordinación y el desarrollo del sistema de educación universitaria de Venezuela, contribuyendo a la articulación de políticas y acciones para el sector.","The National Council of Universities participates in the coordination and development of Venezuela’s university education system, contributing to the articulation of policies and actions for the sector.","Le Conseil national des universités participe à la coordination et au développement du système d’enseignement universitaire du Venezuela, en contribuant à l’articulation des politiques et des actions du secteur.","O Conselho Nacional de Universidades participa da coordenação e do desenvolvimento do sistema de educação universitária da Venezuela, contribuindo para a articulação de políticas e ações para o setor.",,,South America,TRUE
VE,Venezuela,Venezuela,Venezuela,Venezuela,Fundación para el Desarrollo de la Ciencia y la Tecnología de la Región Guayana,"La Fundación para el Desarrollo de la Ciencia y la Tecnología de la Región Guayana impulsa iniciativas relacionadas con la ciencia, la tecnología, la innovación y el desarrollo de capacidades en la región Guayana de Venezuela.","The Foundation for the Development of Science and Technology in the Guayana Region promotes initiatives related to science, technology, innovation, and capacity development in Venezuela’s Guayana region.","La Fondation pour le développement de la science et de la technologie de la région de Guayana soutient des initiatives liées à la science, à la technologie, à l’innovation et au développement des capacités dans la région de Guayana au Venezuela.","A Fundação para o Desenvolvimento da Ciência e Tecnologia da Região de Guayana promove iniciativas relacionadas à ciência, tecnologia, inovação e desenvolvimento de capacidades na região de Guayana, na Venezuela.",,,South America,TRUE
CO,Colombia,Colombia,Colombie,Colômbia,"ACIET - Asociación Colombiana de Instituciones de Educación Superior con Formación Técnica Profesional, Tecnológica o Universitaria","ACIET reúne instituciones colombianas de educación superior y promueve el fortalecimiento de la formación técnica profesional, tecnológica y universitaria, así como la cooperación y la calidad educativa.","ACIET brings together Colombian higher education institutions and promotes the strengthening of professional technical, technological and university education, as well as cooperation and educational quality.","ACIET regroupe des établissements colombiens d’enseignement supérieur et favorise le renforcement de la formation technique professionnelle, technologique et universitaire, ainsi que la coopération et la qualité de l’éducation.","A ACIET reúne instituições colombianas de ensino superior e promove o fortalecimento da formação técnica profissional, tecnológica e universitária, bem como a cooperação e a qualidade educacional.",,,South America,TRUE
CO,Colombia,Colombia,Colombie,Colômbia,AIUP - Asociación de Instituciones Universitarias Públicas y Privadas,"La AIUP reúne instituciones universitarias públicas y privadas y fomenta la cooperación interinstitucional, el intercambio académico y el fortalecimiento de la educación superior.","AIUP brings together public and private university institutions and fosters interinstitutional cooperation, academic exchange, and the strengthening of higher education.","L’AIUP regroupe des établissements universitaires publics et privés et favorise la coopération interinstitutionnelle, les échanges académiques et le renforcement de l’enseignement supérieur.","A AIUP reúne instituições universitárias públicas e privadas e promove a cooperação interinstitucional, o intercâmbio acadêmico e o fortalecimento do ensino superior.",,,South America,TRUE
CO,Colombia,Colombia,Colombie,Colômbia,AUALCPI - Asociación de Universidades de América Latina y del Caribe para la Integración,"AUALCPI promueve la integración y la cooperación entre universidades de América Latina y el Caribe mediante iniciativas académicas, institucionales y de intercambio regional.","AUALCPI promotes integration and cooperation among universities in Latin America and the Caribbean through academic, institutional, and regional exchange initiatives.","L’AUALCPI favorise l’intégration et la coopération entre les universités d’Amérique latine et des Caraïbes au moyen d’initiatives académiques, institutionnelles et d’échanges régionaux.","A AUALCPI promove a integração e a cooperação entre universidades da América Latina e do Caribe por meio de iniciativas acadêmicas, institucionais e de intercâmbio regional.",,,South America,TRUE
CO,Colombia,Colombia,Colombie,Colômbia,FODESEP - Fondo de Desarrollo de la Educación Superior,"FODESEP contribuye al fortalecimiento de las instituciones de educación superior colombianas mediante programas, servicios e iniciativas orientadas al desarrollo y sostenibilidad del sector.","FODESEP contributes to strengthening Colombian higher education institutions through programs, services, and initiatives aimed at the development and sustainability of the sector.","FODESEP contribue au renforcement des établissements colombiens d’enseignement supérieur grâce à des programmes, des services et des initiatives visant le développement et la durabilité du secteur.","O FODESEP contribui para o fortalecimento das instituições colombianas de ensino superior por meio de programas, serviços e iniciativas voltados ao desenvolvimento e à sustentabilidade do setor.",,,South America,TRUE
CO,Colombia,Colombia,Colombie,Colômbia,RECLA - Red de Educación Continua de Latinoamérica y Europa,"RECLA promueve la educación continua y el aprendizaje a lo largo de la vida mediante la cooperación, el intercambio de experiencias y el desarrollo de iniciativas entre instituciones de América Latina y Europa.","RECLA promotes continuing education and lifelong learning through cooperation, the exchange of experiences, and the development of initiatives among institutions in Latin America and Europe.","RECLA favorise la formation continue et l’apprentissage tout au long de la vie grâce à la coopération, à l’échange d’expériences et au développement d’initiatives entre des établissements d’Amérique latine et d’Europe.","A RECLA promove a educação continuada e a aprendizagem ao longo da vida por meio da cooperação, do intercâmbio de experiências e do desenvolvimento de iniciativas entre instituições da América Latina e da Europa.",,,South America,TRUE
CL,Chile,Chile,Chili,Chile,Centro Interuniversitario de Desarrollo (CINDA),"El Centro Interuniversitario de Desarrollo (CINDA) es una red académica internacional que promueve la cooperación entre universidades, el intercambio de experiencias y el desarrollo de iniciativas orientadas al mejoramiento de la educación superior.","The Interuniversity Development Center (CINDA) is an international academic network that promotes cooperation among universities, the exchange of experiences, and the development of initiatives aimed at improving higher education.","Le Centre interuniversitaire de développement (CINDA) est un réseau académique international qui favorise la coopération entre les universités, l’échange d’expériences et le développement d’initiatives visant à améliorer l’enseignement supérieur.","O Centro Interuniversitário de Desenvolvimento (CINDA) é uma rede acadêmica internacional que promove a cooperação entre universidades, o intercâmbio de experiências e o desenvolvimento de iniciativas voltadas à melhoria do ensino superior.",,,South America,TRUE
EC,Ecuador,Ecuador,Équateur,Equador,"Secretaría de Educación Superior, Ciencia, Tecnología e Innovación (SENESCYT)","La Secretaría de Educación Superior, Ciencia, Tecnología e Innovación (SENESCYT) es la entidad ecuatoriana encargada de impulsar y coordinar políticas públicas relacionadas con la educación superior, la ciencia, la tecnología y la innovación.","The Secretariat of Higher Education, Science, Technology and Innovation (SENESCYT) is Ecuador’s public institution responsible for promoting and coordinating policies related to higher education, science, technology and innovation.","Le Secrétariat à l’enseignement supérieur, à la science, à la technologie et à l’innovation (SENESCYT) est l’institution équatorienne chargée de promouvoir et de coordonner les politiques publiques relatives à l’enseignement supérieur, à la science, à la technologie et à l’innovation.","A Secretaria de Educação Superior, Ciência, Tecnologia e Inovação (SENESCYT) é a instituição equatoriana responsável por promover e coordenar políticas públicas relacionadas ao ensino superior, à ciência, à tecnologia e à inovação.",,,South America,TRUE
AR,Argentina,Argentina,Argentine,Argentina,Red de Cooperación Interuniversitaria para el Desarrollo e Integración Regional (CIDIR),La Red de Cooperación Interuniversitaria para el Desarrollo e Integración Regional (CIDIR) promueve la cooperación entre instituciones universitarias y el desarrollo de iniciativas conjuntas orientadas a la integración regional y al fortalecimiento de la educación superior.,The Interuniversity Cooperation Network for Regional Development and Integration (CIDIR) promotes cooperation among university institutions and the development of joint initiatives aimed at regional integration and strengthening higher education.,Le Réseau de coopération interuniversitaire pour le développement et l’intégration régionale (CIDIR) favorise la coopération entre les établissements universitaires et le développement d’initiatives conjointes visant l’intégration régionale et le renforcement de l’enseignement supérieur.,A Rede de Cooperação Interuniversitária para o Desenvolvimento e a Integração Regional (CIDIR) promove a cooperação entre instituições universitárias e o desenvolvimento de iniciativas conjuntas voltadas à integração regional e ao fortalecimento do ensino superior.,,,South America,TRUE